URL,label,source
https://smadex.com/mobilesubscriptionservices/,1,tranco_deeplink
https://content.smadex.com/smadex-jackpocket-success-story,1,tranco_deeplink
https://content.smadex.com/smadex-talabat-creatives-case-study/,1,tranco_deeplink
https://keirin.jp/pc/rmationdetail?&nnum=18332,1,tranco_deeplink
https://keirin.jp/pc/topicsdetail?&nnum=157,1,tranco_deeplink
https://keirin.jp/pc/top#tomorrow,1,tranco_deeplink
https://book.douban.com/tag/%E7%AE%A1%E7%90%86,1,tranco_deeplink
https://movie.douban.com/explore,1,tranco_deeplink
https://movie.douban.com/chart,1,tranco_deeplink
https://www.dramaboxdb.com/movie/42000010883/think-again-im-the-hidden-boss-mom,1,tranco_deeplink
https://www.dramaboxdb.com/genres/498,1,tranco_deeplink
https://support.dramaboxdb.com/privacy.html?language=en&appTheme=0,1,tranco_deeplink
https://www.sonicwall.com/products/firewalls/security-services,1,tranco_deeplink
https://www.sonicwall.com/support/contact-support,1,tranco_deeplink
https://www.sonicwall.com/support/technical-documentation,1,tranco_deeplink
https://universitycollege.tufts.edu/high-school,1,tranco_deeplink
https://students.tufts.edu/who-i-am/parents-and-families,1,tranco_deeplink
https://www.tufts.edu/student-life/arts,1,tranco_deeplink
https://www.notion.com/fr,1,tranco_deeplink
https://www.notion.com/product/agents,1,tranco_deeplink
https://www.notion.com/ko,1,tranco_deeplink
https://www.mbga.jp/_game_intro?game_id=12027024,1,tranco_deeplink
https://www.mbga.jp/_game_intro?game_id=12013151,1,tranco_deeplink
https://www.mbga.jp/_game_intro?game_id=12027231,1,tranco_deeplink
https://www.nikkei.com/international/korea/,1,tranco_deeplink
https://www.nikkei.com/article/DGXZQOFM0333I0T00C26A2000000/,1,tranco_deeplink
https://www.nikkei.com/theme/?dw=23052300,1,tranco_deeplink
https://www.dreamhost.com/domains/,1,tranco_deeplink
https://www.dreamhost.com/features/,1,tranco_deeplink
https://www.dreamhost.com/tools/business-name-generator/,1,tranco_deeplink
https://www.name.com/abuse,1,tranco_deeplink
https://www.name.com/contact,1,tranco_deeplink
https://www.name.com/domains/real-estate,1,tranco_deeplink
https://www.who.int/mega-menu/data/data-collection/harmonized-health-facility-assessment,1,tranco_deeplink
https://www.who.int/campaigns/world-hepatitis-day/2026,1,tranco_deeplink
https://www.who.int/mega-menu/emergencies/who-in-emergencies/alert-and-response,1,tranco_deeplink
https://www.pbs.org/show/muhammad-ali/,1,tranco_deeplink
https://www.pbs.org/viewers-like-me/,1,tranco_deeplink
https://www.pbs.org/franchise/digital-studios/,1,tranco_deeplink
https://www.value-domain.com/information/detail/?no=20260415-1,1,tranco_deeplink
https://www.value-domain.com/commercial/,1,tranco_deeplink
https://www.value-domain.com/domain/auction/,1,tranco_deeplink
https://www.youjizz.com/dmca,1,tranco_deeplink
https://www.youjizz.com/categories/bbc-1.html,1,tranco_deeplink
https://www.youjizz.com/setFilter?homepage=newest,1,tranco_deeplink
https://oregonstate.edu/faculty,1,tranco_deeplink
https://technology.oregonstate.edu/services/zoom,1,tranco_deeplink
https://hr.oregonstate.edu/employment-opportunities-osu,1,tranco_deeplink
https://www.wondershare.com/business/enterprise.html,1,tranco_deeplink
https://www.wondershare.com/do-not-sell-or-share-my-personal-information.html,1,tranco_deeplink
https://pdf.wondershare.com/business/,1,tranco_deeplink
https://org.ru/registrars.html,1,tranco_deeplink
https://org.ru/selectdomain,1,tranco_deeplink
https://org.ru/checkwhois,1,tranco_deeplink
https://wa.gov/work/professional-licenses,1,tranco_deeplink
https://wa.gov/how-to-guides/washington-state-launching-wagov-accounts,1,tranco_deeplink
https://wa.gov/hi/node,1,tranco_deeplink
https://www.cronista.com/internacionales/ingresa-un-ciclon-historico-con-48-horas-de-tormentas-con-granizo-lluvias-y-rafagas-de-viento-alerta-roja-en-estas-localidades/,1,tranco_deeplink
https://www.cronista.com/negocios/paso-de-la-calle-avellaneda-a-malls-de-miami-un-ano-despues-vende-su-ropa-deportiva-por-kilo-en-el-conurbano/,1,tranco_deeplink
https://www.cronista.com/negocios/la-revancha-de-ricardito-la-golosina-mas-uruguaya-vuelve-a-probar-suerte-en-argentina/,1,tranco_deeplink
https://secure.wufoo.com/signup/free/,1,tranco_deeplink
https://www.wufoo.com/payments/chargify/,1,tranco_deeplink
https://www.wufoo.com/integrations/docusign/,1,tranco_deeplink
https://spec.org/web96/results/,1,tranco_deeplink
https://spec.org/omp2012/,1,tranco_deeplink
https://gwpg.spec.org/benchmarks/benchmark/specapc-for-siemens-nx-2024/,1,tranco_deeplink
http://www2.correios.com.br/sistemas/precosPrazos/,1,tranco_deeplink
https://www.correios.com.br/atendimento/balcao-do-cidadao/seguros,1,tranco_deeplink
https://www.correios.com.br/atendimento/developers/correios-developers,1,tranco_deeplink
https://aws.amazon.com/solutions/case-studies/innovators/?hp=rei,1,tranco_deeplink
https://aws.amazon.com/what-is-aws/?nc1=f_cc,1,tranco_deeplink
https://aws.amazon.com/podcasts/?nc1=f_cc,1,tranco_deeplink
https://www.dtscout.com/webpolicy.html,1,tranco_deeplink
https://www.dtscout.com/techpolicy.html,1,tranco_deeplink
https://wistia.com/privacy-ai,1,tranco_deeplink
https://wistia.com/product/webinar-hosting,1,tranco_deeplink
https://wistia.com/terms,1,tranco_deeplink
https://www.philips-hue.com/en-gb/p/hue-white-and-colour-ambiance-b39-candle-e14-led-smart-bulb/8721103099303,1,tranco_deeplink
https://www.philips-hue.com/en-gb/support/legal/cookie-notice,1,tranco_deeplink
https://www.philips-hue.com/en-gb/products/smart-light-strips?filters=FK_HUE_LIGHTING_OUTDOOR_LIGHTING&page=1,1,tranco_deeplink
https://www.nytimes.com/2026/07/14/world/middleeast/israel-lebanon-peace-talks.html,1,tranco_deeplink
https://www.nytimes.com/column/ask-well,1,tranco_deeplink
https://www.nytimes.com/wirecutter/reviews/best-electric-toothbrush/,1,tranco_deeplink
https://www.dns.com/zh/activity/y2025-autumn.html,1,tranco_deeplink
https://www.dns.com/zh/supports,1,tranco_deeplink
https://www.dns.com/user/#/login,1,tranco_deeplink
https://www.marca.com/resultados/futbol/petrocub-hincesti/ficha-equipo/C10593.html,1,tranco_deeplink
https://us.marca.com/soccer/mundial/2026/07/14/6a566a7746163f38068b457c.html#ancla_comentarios,1,tranco_deeplink
https://www.marca.com/regalos-promociones/2026/07/14/6a563b64268e3ea7178b45b4.html,1,tranco_deeplink
https://www.twpornstars.com/kianavi5,1,tranco_deeplink
https://www.twpornstars.com/pages/account-add,1,tranco_deeplink
https://www.twpornstars.com/popular,1,tranco_deeplink
https://trustees.msu.edu/about/mission.html,1,tranco_deeplink
https://ir.msu.edu/resources/student-achievement,1,tranco_deeplink
https://mail.msu.edu/locator.php,1,tranco_deeplink
https://www.nhl.com/video/topic/game-recaps/vgk-at-car-recap-6397375861112,1,tranco_deeplink
https://www.nhl.com/video/topic/game-recaps/car-at-mtl-recap-6396619645112,1,tranco_deeplink
https://www.nhl.com/video/topic/weird-nhl/weird-nhl-vol-138-6396297976112,1,tranco_deeplink
https://v.youku.com/video?s=efbfbdefbfbd6f603e05&scm=20140719.rcmd.feed.show_efbfbdefbfbd6f603e05&alginfo=-1seqId-214JUVTx0CmojEIfE-1reqId-2f527461b.5561.4a9c.941f.a7dd79f4ecdf_1784103270951-1abId-2497220-1sceneId-246595&scg_id=22896509,1,tranco_deeplink
https://v.youku.com/video?s=aaae131130854253a4dc&scm=20140719.rcmd.feed.show_aaae131130854253a4dc&alginfo=-1seqId-214JUVTx0CmojEIfE-1reqId-2f527461b.5561.4a9c.941f.a7dd79f4ecdf_1784103270951-1abId-2497220-1sceneId-246595&scg_id=22896603,1,tranco_deeplink
https://v.youku.com/video?s=aece417ad28a4f19b63a&scm=20140719.rcmd.feed.show_aece417ad28a4f19b63a&alginfo=-1seqId-214JUVTx0CmojEIfE-1reqId-2f527461b.5561.4a9c.941f.a7dd79f4ecdf_1784103270951-1abId-2497220-1sceneId-246595&scg_id=22896603,1,tranco_deeplink
https://mountain.com/quickframe/,1,tranco_deeplink
https://auth.mountain.com/sign-up?redirect_url=https%3A%2F%2Fgo.mountain.com,1,tranco_deeplink
https://mountain.com/news/mntn-expands-executive-team-to-support-growth-of-performance-tv/,1,tranco_deeplink
https://cdn.deepseek.com/policies/en-US/deepseek-terms-of-use.html,1,tranco_deeplink
https://deepseek.com/en/,1,tranco_deeplink
https://deepseek.com/transparency/,1,tranco_deeplink
https://www.honor.com/uk/phones/honor-200-pro-refurbished/,1,tranco_deeplink
https://www.honor.com/uk/wearables/honor-watch-5/buy/,1,tranco_deeplink
https://www.honor.com/uk/accessibility/,1,tranco_deeplink
https://gulfnews.com/people,1,tranco_deeplink
https://gulfnews.com/travel,1,tranco_deeplink
https://gulfnews.com/about-gulf-news/term-conditions,1,tranco_deeplink
https://www.moloco.com/unlock-untapped-growth,1,tranco_deeplink
https://www.moloco.com/products/moloco-ads/cara-for-moloco-ads,1,tranco_deeplink
https://www.moloco.com/de,1,tranco_deeplink
https://www.uni-heidelberg.de/en/institutions/faculties,1,tranco_deeplink
https://www.uni-heidelberg.de/en/doctoral-candidates,1,tranco_deeplink
https://www.uni-heidelberg.de/en?overlay=menu,1,tranco_deeplink
https://www.whatsapp.com/groups,1,tranco_deeplink
https://www.whatsapp.com/sitemap,1,tranco_deeplink
https://www.whatsapp.com/about,1,tranco_deeplink
https://www.osano.com/faq,1,tranco_deeplink
https://www.osano.com/solutions/healthcare,1,tranco_deeplink
https://www.osano.com/events,1,tranco_deeplink
https://www.hotstar.com/gb/shows/pritam-and-pedro/1271643838/live/1271656730/watch,1,tranco_deeplink
https://www.hotstar.com/gb/browse/editorial/trailer-mix/1271608844,1,tranco_deeplink
https://www.hotstar.com/gb/mypage,1,tranco_deeplink
https://campus.w3schools.com/collections/certifications/products/front-end-certificate,1,tranco_deeplink
https://www.w3schools.com/sql/default.asp,1,tranco_deeplink
https://www.w3schools.com/statistics/index.php,1,tranco_deeplink
https://www.cloudns.net/secondary-dns/,1,tranco_deeplink
https://www.cloudns.net/testimonials/selected/106/,1,tranco_deeplink
https://www.cloudns.net/dnssec/,1,tranco_deeplink
https://www.alphapolis.co.jp/novel/add_tag_counter/7497?category_ids=111300,1,tranco_deeplink
https://www.alphapolis.co.jp/novel/add_tag_counter/91919?category_ids=110200,1,tranco_deeplink
https://www.alphapolis.co.jp/novel/add_tag_counter/4962?category_ids=111300,1,tranco_deeplink
https://policies.google.com/terms?hl=en-GB&fg=1,1,tranco_deeplink
https://accounts.google.com/ServiceLogin?hl=en&passive=true&continue=https://www.google.com/&ec=futura_exp_og_so_72776762_e,1,tranco_deeplink
https://www.google.com/history/privacyadvisor/search/unauth?utm_source=googlemenu&fg=1&cctld=com,1,tranco_deeplink
https://macomnet.ru/index.html,1,tranco_deeplink
https://macomnet.ru/innovation.html,1,tranco_deeplink
https://macomnet.ru/our-service/arenda-kanalov-svyazi.html,1,tranco_deeplink
https://www.mediawiki.org/wiki/Template:Main_page/ko,1,tranco_deeplink
https://www.mediawiki.org/wiki/Special:MyLanguage/Hosting_services,1,tranco_deeplink
https://www.mediawiki.org/wiki/Special:MyLanguage/Download,1,tranco_deeplink
https://en.boardgamearena.com/account?page=newuser,1,tranco_deeplink
https://en.boardgamearena.com/account?page=newuser&src=join,1,tranco_deeplink
https://colorlib.com/wp/feed/,1,tranco_deeplink
https://colorlib.com/wp/parallax-wordpress-themes/,1,tranco_deeplink
https://colorlib.com/wp/terms-conditions/,1,tranco_deeplink
https://insiderone.com/case-studies,1,tranco_deeplink
https://insiderone.com/case-studies/vodafone,1,tranco_deeplink
https://insiderone.com/resources/?asset-type=ebook,1,tranco_deeplink
https://collaborate.aap.org/AAP-Volunteer-Network/Pages/Volunteer-Board-National.aspx,1,tranco_deeplink
https://www.aap.org/en/advocacy/immigrant-child-health/,1,tranco_deeplink
https://www.aap.org/en/members/home/national-aap-election-center/,1,tranco_deeplink
https://www.rapid7.com/about/rapid7-cybersecurity-partner-boston-bruins,1,tranco_deeplink
https://www.rapid7.com/products/siem/,1,tranco_deeplink
https://www.rapid7.com/partners/mssp-partner-program,1,tranco_deeplink
https://www.vg.no/nyheter/i/wrxgwn/slik-ser-det-ut-i-la-guaira-foer-og-etter-etter-jordskjelvet-i-venezuela-gaa-gjennom-gatene,1,tranco_deeplink
https://www.vg.no/innstillinger,1,tranco_deeplink
https://www.vg.no/informasjon/brukervilkar,1,tranco_deeplink
https://www.mediatek.com/cookie-statement,1,tranco_deeplink
https://www.mediatek.com/company/ventures,1,tranco_deeplink
https://www.mediatek.com/technology/wifi/mlo-infographic,1,tranco_deeplink
https://www.onetrust.com/content/onetrust/us/en/resources/onetrust-demos,1,tranco_deeplink
https://www.onetrust.com/content/onetrust/us/en/solutions/data-teams,1,tranco_deeplink
https://www.onetrust.com/content/onetrust/us/en/resources,1,tranco_deeplink
https://www.livehindustan.com/astrology/rashifal/scorpio,1,tranco_deeplink
https://www.livehindustan.com/business/news,1,tranco_deeplink
https://www.livehindustan.com/lifestyle,1,tranco_deeplink
https://case-battle.id/case/bowieknife,1,tranco_deeplink
https://case-battle.id/case/deserteagle,1,tranco_deeplink
https://case-battle.id/contract,1,tranco_deeplink
https://www.washington.edu/calendar/?utm_source=quicklinks&utm_medium=click&utm_campaign=quicklinks&utm_term=calendar,1,tranco_deeplink
https://www.washington.edu/maps/,1,tranco_deeplink
https://www.washington.edu/news/2026/07/08/artsci-roundup-summer-of-2026/,1,tranco_deeplink
https://www.techradar.com/best/best-fans,1,tranco_deeplink
https://www.techradar.com/uk/author/axel-metz,1,tranco_deeplink
https://www.techradar.com/news/wordle-today,1,tranco_deeplink
https://help.therapservices.net/s/new-mexico,1,tranco_deeplink
https://help.therapservices.net/s/make-payment,1,tranco_deeplink
https://www.therapservices.net/products/comprehensive-system-for-children-and-family-services/,1,tranco_deeplink
https://kvant-telecom.ru/services/ats/,1,tranco_deeplink
https://kvant-telecom.ru/services/tv/,1,tranco_deeplink
https://kvant-telecom.ru/careers/,1,tranco_deeplink
https://www.x5.ru/ru/news/x5-obyavlyaet-o-roste-vyruchki-na-113-v-1-kv-2026-g-rentabelnost-skorr-ebitda-do-primeneniya-msfo-ifrs-16-sostavila-54/,1,tranco_deeplink
https://www.x5.ru/ru/partners/franch/,1,tranco_deeplink
https://www.x5.ru/ru/news/x5-ukrepila-liderstvo-na-rynke-gotovoj-edy/,1,tranco_deeplink
https://ww1.goojara.to/mdne9R,1,tranco_deeplink
https://ww1.goojara.to/watch-trends-year,1,tranco_deeplink
https://ww1.goojara.to/mabew1,1,tranco_deeplink
https://policies.google.com/privacy?hl=en-GB&fg=1,1,tranco_deeplink
https://policies.google.com/technologies/cookies?utm_source=ucbs&hl=en-GB,1,tranco_deeplink
https://policies.google.com/privacy?hl=en-GB&fg=1&utm_source=ucbs,1,tranco_deeplink
https://www.roblox.com/info/privacy,1,tranco_deeplink
https://www.roblox.com/info/help?locale=en_us,1,tranco_deeplink
https://www.roblox.com/info/parents?locale=en_us,1,tranco_deeplink
https://serverstack.com/contact-us.html,1,tranco_deeplink
https://serverstack.com/blog/2013/01/21/load-distribution-with-nginx-and-cloudflare/index.html,1,tranco_deeplink
https://serverstack.com/blog/index.html,1,tranco_deeplink
https://signup.leagueoflegends.com/en-gb/signup/redownload,1,tranco_deeplink
https://www.leagueoflegends.com/en-gb/news/dev/tldw-classic-mayhem-more-dev-update,1,tranco_deeplink
https://www.leagueoflegends.com/en-gb/champions/,1,tranco_deeplink
https://arabsexy.cv/%d8%b3%d9%83%d8%b3-%d9%85%d8%b5%d8%b1%d9%8a-%d8%a8%d9%84%d8%b7%d8%ac%d9%8a-%d9%8a%d9%86%d9%8a%d9%83-%d8%b2%d9%88%d8%ac%d8%a9-%d8%b5%d8%a7%d8%ad%d8%a8%d9%87-%d9%88%d9%8a%d8%b5%d9%88%d8%b1%d9%87%d8%a7/,1,tranco_deeplink
https://arabsexy.cv/category/%d8%b3%d9%83%d8%b3-%d8%b3%d8%ad%d8%a7%d9%82/,1,tranco_deeplink
https://arabsexy.cv/%d8%b3%d9%83%d8%b3-%d8%b7%d9%8a%d8%b2-%d8%a7%d9%85%d9%87%d8%a7%d8%aa-%d8%aa%d9%85-%d8%b6%d8%a8%d8%b7-%d8%b2%d9%88%d8%ac%d8%a9-%d8%a7%d9%84%d8%a3%d8%a8-%d9%85%d8%aa%d9%84%d8%a8%d8%b3%d8%a9-anal-xnxx/,1,tranco_deeplink
https://www.humanforce.com/demo?intent=talk-to-sales,1,tranco_deeplink
https://www.humanforce.com/about,1,tranco_deeplink
https://www.humanforce.com/product/hr,1,tranco_deeplink
https://niezalezna.pl/polska/maciej-swirski-na-wolnosci-prokuratura-zwolnila-go-po-calej-nocy/574954,1,tranco_deeplink
https://niezalezna.pl/humor/25156-ekipa,1,tranco_deeplink
https://niezalezna.pl/swiat/pozar-w-biurowcu-szesc-osob-nie-zyje/574941,1,tranco_deeplink
https://www.frontlineeducation.com/school-hcm-software/hrms/,1,tranco_deeplink
https://www.frontlineeducation.com/special-programs/,1,tranco_deeplink
https://www.frontlineeducation.com/who-we-serve/school-business-office/,1,tranco_deeplink
https://eu.freep.com/media/,1,tranco_deeplink
https://eu.freep.com/picture-gallery/sports/mlb/tigers/2026/07/11/detroit-tigers-add-xxxx-in-round-2-of-2026-mlb-draft/90888353007/,1,tranco_deeplink
https://eu.freep.com/picture-gallery/news/politics/2026/07/14/gerald-ford-president-university-michigan/90162588007/,1,tranco_deeplink
https://maharashtra.gov.in/Site/Upload/PDF/FS-ADV-2026-27.pdf,1,tranco_deeplink
https://maharashtra.gov.in/Site/Upload/PDF/drivers_contract_basis_09_02_2024.pdf,1,tranco_deeplink
https://maharashtra.gov.in/Site/Upload/PDF/Jahirat_Ad.pdf,1,tranco_deeplink
https://www.mirakl.com/b2c-b2b/spare-parts,1,tranco_deeplink
https://www.mirakl.com/content/playbook-guides/the-multichannel-growth-playbook,1,tranco_deeplink
https://www.mirakl.com/privacy-policy,1,tranco_deeplink
https://trabajoyprevencion.jcyl.es/web/es/prevencion-riesgos-laborales/actividades-formativas.html,1,tranco_deeplink
https://serviciossociales.jcyl.es/web/es/proteccion-familias-vulnerables/renta-garantizada-ciudadania.html,1,tranco_deeplink
https://empleocastillayleon.jcyl.es/oficinavirtual,1,tranco_deeplink
https://gama.ir/blog/18510/%D9%82%D8%B7%D8%B2%D8%AF%D9%86-%D9%82%D9%84%D9%85-%D8%A8%D8%B1%DB%8C%D8%AF%D9%86-%D9%88-%D8%B4%DA%A9%D9%84%D8%AF%D8%A7%D8%AF%D9%86-%D8%AF%D9%85-%D9%82%D9%84%D9%85-%D8%A8%D8%B1%D8%A7%DB%8C-%D8%A7%DB%8C%D8%AC%D8%A7%D8%AF-%D8%B2%D8%A8%D8%A7%D9%86%D9%87%D8%A7%DB%8C,1,tranco_deeplink
https://gama.ir/school,1,tranco_deeplink
https://gama.ir/search?type=test&section=2&base=4&course=0&lesson=14362,1,tranco_deeplink
https://www.bookoff.co.jp/info/news/,1,tranco_deeplink
https://shopping.bookoff.co.jp/cd/feature/best/album?utm_source=boc&utm_medium=site&utm_content=TOP_rank_5&xadid=rank,1,tranco_deeplink
https://www.bookoff.co.jp/site/informationsecurity.html,1,tranco_deeplink
https://www.breitbart.com/app/,1,tranco_deeplink
https://www.breitbart.com/entertainment/2026/07/13/nolte-disney-will-lose-fortune-on-live-action-moana-flop/,1,tranco_deeplink
https://www.breitbart.com/asia/2026/07/13/u-s-joins-philippines-12-others-demanding-beijing-respect-ruling-rejecting-its-south-china-sea-claims/,1,tranco_deeplink
https://www.jezebel.com/joe-alewyn-sarah-pidgeon-taylor-wedding-week,1,tranco_deeplink
https://www.jezebel.com/entertainment,1,tranco_deeplink
https://www.jezebel.com/taylor-swift-travis-kelce-wedding-day-madison-square-garden,1,tranco_deeplink
https://www.clickn.co.kr/event/clickn202606?utm_source=clickn&utm_medium=site_mainbanner&utm_campaign=qrcode,1,tranco_deeplink
https://www.clickn.co.kr/intro/design,1,tranco_deeplink
https://www.clickn.co.kr/price,1,tranco_deeplink
https://callibri.ru/blog/kak-sozdat-chat-dlya-holdinga-alyuteh-keis,1,tranco_deeplink
https://callibri.ru/blog/seo-prodvizhenie-proizvoditelya-detalei-truboprovoda-keis,1,tranco_deeplink
https://callibri.ru/blog/kak-borotsia-s-clickfrodom,1,tranco_deeplink
https://www.oar.net/clients/pbs,1,tranco_deeplink
https://www.oar.net/about/affiliations,1,tranco_deeplink
https://www.oar.net/press/oarnet_executive_director_pankaj_shah_receives_quilts_2025_dave_reese_distinguished_service,1,tranco_deeplink
https://www.blackboard.com/trust-center/terms-of-use,1,tranco_deeplink
https://www.blackboard.com/company/awards,1,tranco_deeplink
https://www.blackboard.com/company/partners,1,tranco_deeplink
https://www.clickcease.com/case-studies/eric-preston.html,1,tranco_deeplink
https://www.clickcease.com/press.html,1,tranco_deeplink
https://www.clickcease.com/tos.html,1,tranco_deeplink
https://google.com/search/howsearchworks/?fg=1,1,tranco_deeplink
https://www.namirial.it/sign-it/,1,tranco_deeplink
https://www.namirial.it/pec-gratuita-spidmail/,1,tranco_deeplink
https://www.namirial.it/certificati-e-firma-digitale/firma-grafometrica/,1,tranco_deeplink
https://www.peplink.com/services/enterprise-solutions/intouch/,1,tranco_deeplink
https://www.peplink.com/solutions/solutions-transportation/,1,tranco_deeplink
https://www.peplink.com/newsroom/peplink-5g-routers-in-smart-warehouses-make-the-most-of-indoor-5g/,1,tranco_deeplink
https://othoba.com/banana-chini-champa-per-pc-65069,1,tranco_deeplink
https://othoba.com/automotive-motorcycles,1,tranco_deeplink
https://othoba.com/login?returnUrl=%2F,1,tranco_deeplink
https://www.piraeusbank.gr/el/idiwtes/personal-banking/anagkes,1,tranco_deeplink
https://www.piraeusbank.gr/el/idiwtes/proionta-upiresies/kartes/pistwtikes/miles-and-more-visa,1,tranco_deeplink
https://www.piraeusbank.gr/el/epixeiriseis-epaggelmaties/agrotes/upiresies-gia-agrotes/farmclick-psifiaki-agora-agrotikon-efodion,1,tranco_deeplink
https://www.ucoz.ru/tour/,1,tranco_deeplink
https://www.ucoz.ru/login?utm_source=main&utm_medium=screen1&utm_campaign=login,1,tranco_deeplink
https://www.ucoz.ru/contact/,1,tranco_deeplink
https://www.daraz.com.np/portable-speakers/?scm=1003.4.icms-zebra-100024112-2954458.OTHER_5891424224_2597945,1,tranco_deeplink
https://pages.daraz.com.np/wow/i/np/about-us/about-us?hybrid=1&scm=1003.4.icms-zebra-100024112-2954385.OTHER_5486967089_2597685,1,tranco_deeplink
https://www.daraz.com.np/wow/i/np/help-pages/daraz-customer-univeristy?hybrid=1&scm=1003.4.icms-zebra-100024112-2954385.OTHER_5996325366_2597685,1,tranco_deeplink
https://metamask.io/en-GB/developer/web3-services,1,tranco_deeplink
https://metamask.io/en-GB/perps,1,tranco_deeplink
https://metamask.io/en-GB/converter/usdt/inr,1,tranco_deeplink
https://tailwindcss.com/docs/installation,1,tranco_deeplink
https://tailwindcss.com/plus?ref=home,1,tranco_deeplink
https://tailwindcss.com/partners,1,tranco_deeplink
https://www.malwarebytes.com/mwb-download/thankyou,1,tranco_deeplink
https://www.malwarebytes.com/identity-theft-protection,1,tranco_deeplink
https://my.malwarebytes.com/en/login,1,tranco_deeplink
https://login.msi.audi.com/u/login/password-reset-start/auth0-ldap-connection-live?state=hKFo2SAxelh0VFlfcDhFUkJmbjhQWXpTdFNwMEkwblQ1LU9PVqFur3VuaXZlcnNhbC1sb2dpbqN0aWTZIGtQMmtQS0dQZlRTTnRNZC1LeVotaEFRRHM3UUZIS3Nxo2NpZNkgRlNIYTFDQ0JRQVkxWW1kTUE5SVF1bXBlQ0FiMU02ZjE,1,tranco_deeplink
https://www.imagevenue.com/report-abuse,1,tranco_deeplink
https://www.imagevenue.com/auth/register,1,tranco_deeplink
https://www.imagevenue.com/tou,1,tranco_deeplink
https://www.rovio.com/articles/category/movie/,1,tranco_deeplink
https://www.rovio.com/articles/yumi-oishi/,1,tranco_deeplink
https://www.rovio.com/games/angry-birds-bounce/,1,tranco_deeplink
https://workman.jp/shop/pages/guide-order.aspx,1,tranco_deeplink
https://workman.jp/shop/cart/cart.aspx,1,tranco_deeplink
https://workman.jp/shop/e/enew-top/,1,tranco_deeplink
https://www.ina.fr/ina-eclaire-actu/relais-routier-restaurant-routier-guide-des-relais-routiers,1,tranco_deeplink
https://www.ina.fr/ina-eclaire-actu/futura-2000-futuradosmil-graffiti-art-peinture,1,tranco_deeplink
https://larevuedesmedias.ina.fr/ni-gaucho-ni-facho-parisien-libere-slogan-publicite,1,tranco_deeplink
https://www.ni.com/en/shop.html,1,tranco_deeplink
https://www.ni.com/en/shop/compactdaq/compactdaq-modules.html,1,tranco_deeplink
https://www.ni.com/en/perspectives/always-prepared-for-an-uncertain-future.html,1,tranco_deeplink
https://www.oas.org/en/,1,tranco_deeplink
https://www.oas.org/en/topics/education.asp,1,tranco_deeplink
https://www.oas.org/en/media_center/subscription.asp,1,tranco_deeplink
https://www.meltwater.com/en/customer-stories/neuro,1,tranco_deeplink
https://www.meltwater.com/en/about/news,1,tranco_deeplink
https://www.meltwater.com/en/about/contact-us,1,tranco_deeplink
https://www.kayak.com/Rome-Hotels-Seven-Hills-Village.601388.ksp,1,tranco_deeplink
https://www.kayak.com/Hyderabad-Hotels-Holiday-Inn-Express-Hyderabad-Banjara-Hills-An-IHG-Hotel.4243381.ksp,1,tranco_deeplink
https://www.kayak.com/flight-routes/Seattle-Tacoma-Intl-SEA/Tokyo-TYO,1,tranco_deeplink
https://www.continental.com/en/investors/events/continental-on-the-move/details/,1,tranco_deeplink
https://www.continental.com/en/company/corporate-governance/supervisory-board-1/,1,tranco_deeplink
https://www.continental.com/en/investors/events/results/9m-2022-results/,1,tranco_deeplink
https://www.nominalia.com/quienes-somos/modalidades-de-pago/,1,tranco_deeplink
https://www.nominalia.com/influencer-marketing-demo/,1,tranco_deeplink
https://www.nominalia.com/asistencia/cat/wordpress/,1,tranco_deeplink
https://passport.q1.com/zhuce.html,1,tranco_deeplink
https://passport.q1.com/Html/Appeal/Portal.html,1,tranco_deeplink
https://service.q1.com/Home/Login?ReturnUrl=%2fQuestion%2fServiceForm,1,tranco_deeplink
https://smartasset.com/mortgage/15-yr-fixed-mortgage-rates,1,tranco_deeplink
https://smartasset.com/retirement/social-security-calculator,1,tranco_deeplink
https://smartasset.com/mortgage/veterans-home-buying-guide,1,tranco_deeplink
https://www.desjardins.com/confidentialite/index.jsp?navigMW=pp,1,tranco_deeplink
https://www.desjardins.com/outils/index.jsp?navigMW=pp,1,tranco_deeplink
https://www.desjardins.com/fr/entreprises/assurances.html?navigMW=mm,1,tranco_deeplink
https://www.wowhead.com/mop-classic/guides/raids,1,tranco_deeplink
https://www.wowhead.com/blue-tracker/topic/eu/mists-of-pandaria-classic-5-5-4-ptr-development-notes-616368,1,tranco_deeplink
https://www.wowhead.com/diablo-4/guide/gameplay/season-11-divine-gifts-sanctification,1,tranco_deeplink
https://yts.gg/api,1,tranco_deeplink
https://yts.gg/requests,1,tranco_deeplink
https://yts.gg/blog,1,tranco_deeplink
https://defrafarming.blog.gov.uk/2026/07/14/join-our-capital-grants-2026-webinar/,1,tranco_deeplink
https://healthmedia.blog.gov.uk/2024/04/15/creating-a-smokefree-generation-and-tackling-youth-vaping-what-you-need-to-know/,1,tranco_deeplink
https://www.blog.gov.uk/accessibility-statement/,1,tranco_deeplink
https://snapwidget.com/privacy,1,tranco_deeplink
https://help.snapwidget.com/creating-a-new-widget/pro-widget-advanced-settings/how-can-i-use-send-for-auth-to-create-a-widget-for-another-user,1,tranco_deeplink
https://snapwidget.com/widgets,1,tranco_deeplink
https://cline.bot/blog,1,tranco_deeplink
https://cline.bot/ide,1,tranco_deeplink
https://cline.bot/learn,1,tranco_deeplink
https://www.polybuzz.ai/character/chat/mychael-mo-VYhTg?tagId=-1,1,tranco_deeplink
https://www.polybuzz.ai/character/chat/tus-padres-que-no-te-quieren-Y6ht9?tagId=-1,1,tranco_deeplink
https://www.polybuzz.ai/character/chat/sam-colby-kris-and-celina-4fWBb?tagId=-1,1,tranco_deeplink
https://www.gu.se/nyheter/nikotin-kopplas-till-psykisk-ohalsa-hos-unga,1,tranco_deeplink
https://www.gu.se/studera-vid-goteborgs-universitet/efter-studierna/alumn-vid-goteborgs-universitet,1,tranco_deeplink
https://www.gu.se/samverkan-och-innovation,1,tranco_deeplink
https://abadis.ir/page/firefox-dictionary/,1,tranco_deeplink
https://abadis.ir/page/chrome-dictionary/,1,tranco_deeplink
https://abadis.ir/user/list/?sort=newest,1,tranco_deeplink
https://readwrite.com/ninth-circuit-judges-kalshi-sports-contracts-tribal-gaming-appeal/,1,tranco_deeplink
https://readwrite.com/gambling/casino/singapore/,1,tranco_deeplink
https://readwrite.com/gambling/betting/crypto-betting-sites/,1,tranco_deeplink
https://heyzine.com/how-to/what-is-a-digital-catalog/,1,tranco_deeplink
https://heyzine.com/feature/digital-lookbook,1,tranco_deeplink
https://heyzine.com/legal/cookie-policy,1,tranco_deeplink
https://www.lakesidesoftware.com/report/isg-provider-lens-for-future-of-work-solutions/,1,tranco_deeplink
https://www.lakesidesoftware.com/integrations/service-now/,1,tranco_deeplink
https://www.lakesidesoftware.com/platform/core-technologies/intelligent-edge/,1,tranco_deeplink
https://www.scu.edu/admission/choosing-scu/graduate-outcomes/,1,tranco_deeplink
https://www.scu.edu/visitors/,1,tranco_deeplink
https://www.scu.edu/news-and-events/feature-stories/2026/stories/bryan-neider-78-walked-away-from-his-silicon-valley-career-santa-clara-guided-him-to-what-came-next.html,1,tranco_deeplink
https://www.bancolombia.com/personas/documentos-legales/personas-con-discapacidad,1,tranco_deeplink
https://www.bancolombia.com/personas/tarjetas-debito,1,tranco_deeplink
https://www.bancolombia.com/personas/tarifario,1,tranco_deeplink
https://www.opensocietyfoundations.org/policies/accessibility,1,tranco_deeplink
https://www.opensocietyfoundations.org/employment,1,tranco_deeplink
https://www.opensocietyfoundations.org/what-we-do/regions/united-states,1,tranco_deeplink
https://www.vinted.de/items/9402987460-robe-pin-up-unique-esprit-vintage-and-fleuri?homepage_session_id=c6c34611-f5e3-4765-8fad-32e8ae5be068,1,tranco_deeplink
https://www.vinted.de/catalog/1049-boots,1,tranco_deeplink
https://www.vinted.de/items/9402984666-hemd-arket?homepage_session_id=c6c34611-f5e3-4765-8fad-32e8ae5be068,1,tranco_deeplink
https://www.digilocker.gov.in/web/dashboard/issuers?id=11,1,tranco_deeplink
https://www.digilocker.gov.in/web/about/about-digilocker,1,tranco_deeplink
https://www.digilocker.gov.in/web/dashboard/issuers?id=993,1,tranco_deeplink
https://www.manchester.ac.uk/research/strategy/,1,tranco_deeplink
https://www.manchester.ac.uk/study/undergraduate/courses/,1,tranco_deeplink
https://www.manchester.ac.uk/study/masters/admissions/,1,tranco_deeplink
https://www.bannerhealth.com/services/outpatient-surgery,1,tranco_deeplink
https://www.bannerhealth.com/services/urgent-care,1,tranco_deeplink
https://www.bannerhealth.com/patients/banner-app,1,tranco_deeplink
https://www.lasprovincias.es/autor/jesus-trelis-444.html,1,tranco_deeplink
https://www.lasprovincias.es/autor/tamara-villena-3279.html,1,tranco_deeplink
https://www.lasprovincias.es/internacional/,1,tranco_deeplink
https://www.google.com/intl/en_uk/ads/?subid=ww-ww-et-g-awa-a-g_hpafoot1_1!o2&utm_source=google.com&utm_medium=referral&utm_campaign=google_hpafooter&fg=1,1,tranco_deeplink
https://www.google.com/services/?subid=ww-ww-et-g-awa-a-g_hpbfoot1_1!o2&utm_source=google.com&utm_medium=referral&utm_campaign=google_hpbfooter&fg=1,1,tranco_deeplink
https://mail.google.com/mail/&ogbl,1,tranco_deeplink
https://buildkite.com/resources/webinars/,1,tranco_deeplink
https://buildkite.com/resources/examples/,1,tranco_deeplink
https://buildkite.com/solutions/testing-at-scale,1,tranco_deeplink
https://bobaedream.co.kr/cyber/CyberCar.php?features=camp,1,tranco_deeplink
https://www.bobaedream.co.kr/cyber/CyberCar.php?features=tuning,1,tranco_deeplink
https://bobaedream.co.kr/list?code=music,1,tranco_deeplink
https://www.vinted.lt/items/9402994225-oui-moments-suknele-l-dydis?homepage_session_id=fefc884c-a6b1-4298-a3a5-8ed608a08167,1,tranco_deeplink
https://www.vinted.lt/catalog/1206-outerwear,1,tranco_deeplink
https://www.vinted.lt/items/9402979711-piekne-spodenki-idealne-na-lato-s-36-w-paski?homepage_session_id=fefc884c-a6b1-4298-a3a5-8ed608a08167,1,tranco_deeplink
https://www.adp.com/who-we-serve/by-industry/healthcare.aspx,1,tranco_deeplink
https://www.adp.com/who-we-serve/by-industry/hospitality-restaurant-foodservice.aspx,1,tranco_deeplink
https://www.adp.com/what-we-offer/benefits/retirement.aspx,1,tranco_deeplink
https://npaw.com/company/,1,tranco_deeplink
https://npaw.com/solutions/video-qos-analytics/,1,tranco_deeplink
https://npaw.com/solutions/dxi-user-journey/,1,tranco_deeplink
https://wtop.com/podcast/founding-dc/17-justin-baer-building-a-75m-mens-lifestyle-brand-from-1-shirt/,1,tranco_deeplink
https://wtop.com/podcast/beyond-the-fame-jason-fraley/making-a-murderer/,1,tranco_deeplink
https://wtop.com/local/virginia/loudoun-county/,1,tranco_deeplink
https://www.ebi.ac.uk/node/149872,1,tranco_deeplink
https://www.ebi.ac.uk/about/jobs/recruitment-covid19,1,tranco_deeplink
https://www.ebi.ac.uk/about/our-impact,1,tranco_deeplink
https://butterflymx.com/industries/industrial/,1,tranco_deeplink
https://butterflymx.com/industries/senior-living/,1,tranco_deeplink
https://butterflymx.com/resources/ebooks/,1,tranco_deeplink
https://nclottery.com/events,1,tranco_deeplink
https://nclottery.com/pick3,1,tranco_deeplink
https://nclottery.com/NewsBlog,1,tranco_deeplink
https://www.breezeline.com/specialprograms,1,tranco_deeplink
https://www.breezeline.com/near-me,1,tranco_deeplink
https://www.breezeline.com/careers,1,tranco_deeplink
https://www.speedtest.net/ja,1,tranco_deeplink
https://www.speedtest.net/apps/ios,1,tranco_deeplink
https://www.speedtest.net/global-index,1,tranco_deeplink
https://happ.info/zh/,1,tranco_deeplink
https://happ.info/fa/,1,tranco_deeplink
https://docs.happ.info/main/terms-of-services,1,tranco_deeplink
https://www.audi.com/en/audi-history-17166,1,tranco_deeplink
https://www.audi.com/en/articles/two-characters-one-audi-rs-5-18017,1,tranco_deeplink
https://www.audi.com/en/photos,1,tranco_deeplink
https://technetbloggers.de/how-to-write-on-technet/,1,tranco_deeplink
https://technetbloggers.de/author/john/,1,tranco_deeplink
https://taylor.technetbloggers.de/author/taylor/,1,tranco_deeplink
https://myaccount.dailynews.com/ladn/preference,1,tranco_deeplink
https://www.dailynews.com/opinion/,1,tranco_deeplink
https://www.dailynews.com/news/news-obituaries/,1,tranco_deeplink
https://www.queryly.com/privacy.htm,1,tranco_deeplink
https://www.queryly.com/login.aspx,1,tranco_deeplink
https://www.cinemagia.ro/actori/nascuti-pe-data-de-15-iulie/,1,tranco_deeplink
https://www.cinemagia.ro/filme/the-bounty-hunter-43651/,1,tranco_deeplink
https://www.cinemagia.ro/premii/,1,tranco_deeplink
https://www.jigsawplanet.com/SJHoward,1,tranco_deeplink
https://www.jigsawplanet.com/gelsomina,1,tranco_deeplink
https://www.jigsawplanet.com/Paulion,1,tranco_deeplink
https://jp.sharp/faceshield/,1,tranco_deeplink
https://corporate.jp.sharp/news/260616-b.html,1,tranco_deeplink
https://jp.sharp/soundpartner/,1,tranco_deeplink
https://besthindiporn.com/shaved/,1,tranco_deeplink
https://besthindiporn.com/natural/,1,tranco_deeplink
https://besthindiporn.com/celebrity/,1,tranco_deeplink
https://www.omni-dex.io/our-formats,1,tranco_deeplink
https://www.omni-dex.io/publisherterms/cookies-policy,1,tranco_deeplink
https://www.omni-dex.io/publisherterms/terms-and-conditions,1,tranco_deeplink
https://www.odatv.com/yasam,1,tranco_deeplink
https://www.odatv.com/spor/fenerbahcenin-tarihi-transferi-mason-greenwood-kimdir-hakkindaki-suclamalar-neler-davaya-ne-oldu-120154741,1,tranco_deeplink
https://www.odatv.com/diger-haberler,1,tranco_deeplink
https://www.pbworks.com/terms-of-service.html,1,tranco_deeplink
https://www.pbworks.com/gdpr.html,1,tranco_deeplink
https://www.pbworks.com/index.html,1,tranco_deeplink
https://openstreetmap.de/community/,1,tranco_deeplink
https://openstreetmap.de/impressum/datenschutz/,1,tranco_deeplink
https://openstreetmap.de/kontakt/,1,tranco_deeplink
https://www.smore.com/school-newsletter/welcome-back-to-school-2026/,1,tranco_deeplink
https://www.smore.com/about/,1,tranco_deeplink
https://www.smore.com/school-newsletter/classroom-rules-poster/,1,tranco_deeplink
https://masterhost.ru/hardware/shd/,1,tranco_deeplink
https://masterhost.ru/ssl/,1,tranco_deeplink
https://masterhost.ru/ssl/#ov,1,tranco_deeplink
https://hnonline.sk/style/dizajn,1,tranco_deeplink
https://www.hnonline.sk/pr-clanky/96291649-slovenske-firmy-riesia-dane-a-inflaciu-pritom-im-z-marzi-potichu-ukrajuju-kurzy,1,tranco_deeplink
https://www.hnonline.sk/style/tech/96291798-odhalenie-novej-generacie-pixel-telefonov-od-googlu-je-za-rohom-kedy-sa-dockame-predstavenia-a-co-ponukne,1,tranco_deeplink
https://eventos.upm.es/155482/detail/convocatoria-examen-toeic-y-tfi-julio-2026.html,1,tranco_deeplink
https://www.upm.es/Portal_inv,1,tranco_deeplink
http://www.upm.es/institucional/UPM/WebUPM/Accesibilidad,1,tranco_deeplink
https://cloudconvert.com/register,1,tranco_deeplink
https://cloudconvert.com/lwp-converter,1,tranco_deeplink
https://cloudconvert.com/doc-converter,1,tranco_deeplink
https://services.global.ntt/en-us/about-us,1,tranco_deeplink
https://services.global.ntt/en-us/insights,1,tranco_deeplink
https://services.global.ntt/en-us/campaigns/2026-global-ai-report-playbook,1,tranco_deeplink
https://uem.mz/index.php/2023/03/01/tenho-o-desafio-de-transformar-o-cairim-num-centro-de-excelencia-de-n%ce%afvel-2da-unesco-ate-2024/,1,tranco_deeplink
https://uem.mz/wp-content/uploads/2025/10/Politica-e-Estrategia-de-Propriedade-Intelectual-da-UEM.pdf,1,tranco_deeplink
https://uem.mz/wp-content/uploads/2026/04/JC-392.pdf,1,tranco_deeplink
https://trustarc.com/resources/?action=resources&type=ebooks,1,tranco_deeplink
https://trustarc.com/regulations/,1,tranco_deeplink
https://trustarc.com/regulations/nist-ai-rmf/,1,tranco_deeplink
https://mcp.dps.mo.gov/capitol-security.html,1,tranco_deeplink
https://mo.gov/residents,1,tranco_deeplink
https://mo.gov/government#courts-judicial,1,tranco_deeplink
https://www.jugandoonline.com.ar/Loto.aspx,1,tranco_deeplink
https://www.jugandoonline.com.ar/Quiniela-Primera.aspx,1,tranco_deeplink
https://www.jugandoonline.com.ar/lachance/tuchance.asp,1,tranco_deeplink
https://nyecasino.eu/gratis-casino-spill/,1,tranco_deeplink
https://nyecasino.eu/gambling-i-norge/,1,tranco_deeplink
https://nyecasino.eu/gonzos-quest/,1,tranco_deeplink
https://www.aviasales.com/about,1,tranco_deeplink
https://www.aviasales.com/hotels,1,tranco_deeplink
https://www.aviasales.com/faq?opened_from=header,1,tranco_deeplink
https://www.gegen-hartz.de/hartz-4-ratgeber,1,tranco_deeplink
https://www.gegen-hartz.de/news/so-hoch-ist-jetzt-das-wohngeld-bei-1300-euro-rente,1,tranco_deeplink
https://www.gegen-hartz.de/erbschaft-und-buergergeld,1,tranco_deeplink
https://www.princeton.edu/academics/course-tools,1,tranco_deeplink
https://psych.princeton.edu/people/tom-griffiths,1,tranco_deeplink
https://www.princeton.edu/research/interdisciplinary-approach,1,tranco_deeplink
https://www.orange.es/dispositivos/moviles/google/pixel-10-5g-128gb-azul/3004008.html,1,tranco_deeplink
https://www.orange.es/orange-tv,1,tranco_deeplink
https://www.orange.es/tarifas/movil/tarifa-movil-con-netflix,1,tranco_deeplink
https://www.airbnb.co.uk/giftcards,1,tranco_deeplink
https://www.airbnb.co.uk/help,1,tranco_deeplink
https://www.airbnb.co.uk/homes,1,tranco_deeplink
https://consent.google.com/d?continue=https://www.google.com/&gl=UK&m=0&pc=shp&cm=5&hl=en&src=4,1,tranco_deeplink
https://www.google.com/search?sca_esv=b95d1611b6ab2c1b&q=FIFA+World+Cup+2026&oi=ddle&noiga=1&ct=534332801&hl=en-GB&stick=H4sIAAAAAAAC_-NgVuLQz9U3MDYoNJ_AwriIVdjN081RITy_KCdFwbm0QMHIwMgMAKor_7IlAAAA&sa=X&ved=0ahUKEwiG046rpdSVAxVHhP0HHYk2OG8QPQgE,1,tranco_deeplink
https://www.google.com/imghp?hl=en&ogbl,1,tranco_deeplink
https://megacp.com/starthosting.php?type=iworx,1,tranco_deeplink
https://megacp.com/hosting.php?spt=4,1,tranco_deeplink
https://megacp.com/contactinfo.php,1,tranco_deeplink
https://www.snopes.com/fact-check/stopwatt-elon-musk-tesla/,1,tranco_deeplink
https://www.snopes.com/fact-check/,1,tranco_deeplink
https://www.snopes.com/news/2026/07/06/taylor-swift-wedding-ice-contractor/,1,tranco_deeplink
https://dailyhunt.in/news/india/english/india+english-epaper-india/tell+them+clearly+that+tamil+nadu+cm+vijays+bold+stand+against+bribes+corruption+goes+viral+watch+video-newsid-n719686758?listname=topicsList&topic=home&index=0&topicIndex=0&mode=pwa&action=click,1,tranco_deeplink
https://dailyhunt.in/news/india/english/ani+english-epaper-anieng/rajneesh+kumar+agrawal+takes+oath+as+rajya+sabha+mp-newsid-n719684276?listname=topicsList&topic=home&index=1&topicIndex=0&mode=pwa&action=click,1,tranco_deeplink
https://dailyhunt.in/news/india/english/ani+english-epaper-anieng/collusion+between+centre+and+state+advocate+claims+bjp+rss+shielding+abhishek+banerjee+amid+voice+sample+submission-newsid-n719683385?listname=topicsList&topic=home&index=1&topicIndex=0&mode=pwa&action=click,1,tranco_deeplink
https://www.irfanview.com/faq.htm,1,tranco_deeplink
https://www.irfanview.com/download_sites.htm,1,tranco_deeplink
https://www.irfanview.com/64bit.htm,1,tranco_deeplink
https://arvamus.postimees.ee/section/5337,1,tranco_deeplink
https://kultuur.postimees.ee/section/2199,1,tranco_deeplink
https://digiajakirjad.postimees.ee/section/6040,1,tranco_deeplink
https://solidinvest.ru/idu/sbalansirovannaya,1,tranco_deeplink
https://solidinvest.ru/tariffs,1,tranco_deeplink
https://consultation.solidinvest.ru/keyrate_vip,1,tranco_deeplink
https://nielseniq.com/global/en/products/,1,tranco_deeplink
https://nielseniq.com/global/en/about-us/our-teams/,1,tranco_deeplink
https://nielseniq.com/global/en/events/,1,tranco_deeplink
https://twitcasting.tv/c:otupaineko/movie/838169768,1,tranco_deeplink
https://twitcasting.tv/c:saromefa/movie/838167914,1,tranco_deeplink
https://twitcasting.tv/deer_nana/movie/838169234,1,tranco_deeplink
https://lycos.com/terms,1,tranco_deeplink
https://lycos.com/p/for-advertisers,1,tranco_deeplink
https://lycos.com/privacy,1,tranco_deeplink
https://www.bpb.de/die-bpb/ueber-uns/service/kontakt/,1,tranco_deeplink
https://www.bpb.de/mediathek/reihen/werkstatt-reels/579370/werkstatt-how-to-drei-methoden-fuer-videodrehs-im-unterricht/,1,tranco_deeplink
https://www.bpb.de/ueber-uns/service/269718/datenschutzerklaerung-fuer-bpb-de/,1,tranco_deeplink
https://www.sphinx-doc.org/en/master/support.html,1,tranco_deeplink
https://www.sphinx-doc.org/en/master/usage/configuration.html,1,tranco_deeplink
https://www.sphinx-doc.org/en/master/usage/quickstart.html#basic-configuration,1,tranco_deeplink
https://vietnamnet.vn/oto-xe-may/du-lieu-xe,1,tranco_deeplink
https://vietnamnet.vn/bat-dong-san/noi-that,1,tranco_deeplink
https://vietnamnet.vn/doi-song/am-thuc,1,tranco_deeplink
https://creditcards.wellsfargo.com/cash-back-credit-cards/?sub_channel=WEB&vendor_code=WF&linkloc=FNCB&lang=en,1,tranco_deeplink
https://www.wellsfargo.com/mortgage/calculators/,1,tranco_deeplink
https://www.wellsfargo.com/personal-loans/,1,tranco_deeplink
https://brightdata.com/proxy-types/datacenter-proxies,1,tranco_deeplink
https://brightdata.com/pricing/serp,1,tranco_deeplink
https://brightdata.com/static/brightdata-modern-slavery-human-trafficking-transparency-statement-signed.pdf,1,tranco_deeplink
https://netease.im/survey/report,1,tranco_deeplink
https://netease.im/p-meeting,1,tranco_deeplink
https://netease.im/promotion/censorship,1,tranco_deeplink
https://www.aaa.com/International/offers.pdf,1,tranco_deeplink
https://www.aaa.com/stop,1,tranco_deeplink
https://www.aaa.com/International/#main,1,tranco_deeplink
https://rst.ua/ukr/help/feedback.html,1,tranco_deeplink
https://rackspacecloud.com/pricing,1,tranco_deeplink
https://www.sc.edu/study/colleges_schools/medicine_greenville/index.php,1,tranco_deeplink
http://library.sc.edu/business/index.html,1,tranco_deeplink
https://sc.edu/study/majors_and_degrees/index.php,1,tranco_deeplink
https://game8.jp/ryu-ga-gotoku-gaiden,1,tranco_deeplink
https://game8.jp/zelda-yakusai,1,tranco_deeplink
https://game8.jp/gbf-relink,1,tranco_deeplink
https://support.google.com/websearch/?p=ws_results_help&hl=en-GB&fg=1,1,tranco_deeplink
https://www.padi.com/gift-guide-for-ocean-lovers,1,tranco_deeplink
https://www.padi.com/aware/community-grants,1,tranco_deeplink
https://www.padi.com/aware/marine-debris,1,tranco_deeplink
https://apuestas.wplay.co/es,1,tranco_deeplink
https://www.wplay.co/mas/ayuda/terminos-y-condiciones/,1,tranco_deeplink
https://www.wplay.co/livecasino,1,tranco_deeplink
https://www.edmentum.com/intl/products/tutorials/,1,tranco_deeplink
https://www.edmentum.com/intl/contact/,1,tranco_deeplink
https://www.edmentum.com/intl/solutions/multilingual-access/,1,tranco_deeplink
https://www.opensignal.com/indonesia?hsLang=en,1,tranco_deeplink
https://www.opensignal.com/algeria?hsLang=en,1,tranco_deeplink
https://www.opensignal.com/germany?hsLang=en,1,tranco_deeplink
https://pokerogue.net/cdn-cgi/content?id=JeMOnf6aquf.52ETQxl6zE6HYyYYPdTwV5NaAlsY6Lg-1784105248.8491874-1.2.1.1-NozRbjSVtN5.cD11DaKDrwNdy.RZsupO4_XrintKJFo,1,tranco_deeplink
https://www.kr-weathernews.com/mv4/html/weatherCondition.html?loc=1100000000&idx=feel,1,tranco_deeplink
https://www.kr-weathernews.com/mv4/html/seasonWeather.html?loc=205064&category=summer&img=summer_surfing,1,tranco_deeplink
https://www.kr-weathernews.com/mv4/html/today.html?loc=1100000000,1,tranco_deeplink
https://www.advocate.com/politics/national/darline-graham-nordone-about,1,tranco_deeplink
https://www.advocate.com/politics/immigration,1,tranco_deeplink
https://www.advocate.com/health/hiv,1,tranco_deeplink
https://laut.fm/stations/alphabetically,1,tranco_deeplink
https://laut.fm/pages/imprint,1,tranco_deeplink
"https://laut.fm/stations/frenchtunes,radiofrance,atmo-france,le-vdr,francais,albumradiopopfrance?title=Eine%20musikalische%20Tour%20de%20France",1,tranco_deeplink
https://www.adroll.com/artificial-intelligence,1,tranco_deeplink
https://www.adroll.com/login,1,tranco_deeplink
https://www.adroll.com/discount-calculator,1,tranco_deeplink
https://www.ef.co.uk/pg/learn-language/spanish/spain/malaga/,1,tranco_deeplink
https://www.ef.co.uk/adults/?code=sen,1,tranco_deeplink
https://www.ef.co.uk/legal/contact-us/,1,tranco_deeplink
https://www.google.com/advanced_search?hl=en-GB&fg=1,1,tranco_deeplink
https://www.xn--72c0anj1fqy6jqa7ei.net/archives_53847,1,tranco_deeplink
https://www.xn--72c0anj1fqy6jqa7ei.net/archives_53833,1,tranco_deeplink
https://www.xn--72c0anj1fqy6jqa7ei.net/archives_category/%e0%b8%ab%e0%b8%99%e0%b8%b1%e0%b8%87%e0%b9%82%e0%b8%9b%e0%b9%8a%e0%b8%81%e0%b8%b2%e0%b8%a3%e0%b9%8c%e0%b8%95%e0%b8%b9%e0%b8%99,1,tranco_deeplink
https://www.prosport.ro/fotbal-extern/europa-league,1,tranco_deeplink
https://www.prosport.ro/fotbal-extern,1,tranco_deeplink
https://www.prosport.ro/fotbal-intern/superliga/meme-stoica-genunchi-eddy-gnahore-dezvaluire-transfer-anderson-ceara-operatie-20483775,1,tranco_deeplink
https://goo.su/lang/pl,1,tranco_deeplink
https://goo.su/policy,1,tranco_deeplink
https://goo.su/callback,1,tranco_deeplink
https://www.healthdirect.gov.au/bn/resources-in-bengali,1,tranco_deeplink
https://www.healthdirect.gov.au/health-topics/symptoms,1,tranco_deeplink
https://www.healthdirect.gov.au/quality-and-safety-of-healthdirects-triage-service-statement,1,tranco_deeplink
https://granicus.com/customer-experience-services/,1,tranco_deeplink
https://granicus.com/market/education/,1,tranco_deeplink
https://granicus.com/dictionary/short-term-vacation-rental-compliance/,1,tranco_deeplink
https://belnet.be/fr/a-propos/mission-vision,1,tranco_deeplink
https://belnet.be/fr/politique-dutilisation-acceptable-aup-des-services-internet-belnet,1,tranco_deeplink
https://belnet.be/fr/node/482,1,tranco_deeplink
https://mainichi.jp/tokyo/,1,tranco_deeplink
https://mainichi.jp/book/,1,tranco_deeplink
https://mainichi.jp/news-navigate/,1,tranco_deeplink
https://www.outcomes.net/cart,1,tranco_deeplink
https://www.clemson.edu/study-abroad/,1,tranco_deeplink
https://www.clemson.edu/extension/,1,tranco_deeplink
https://www.clemson.edu/studentaffairs/get-involved/csle/current-students/student-organizations/,1,tranco_deeplink
https://www.test.de/Test-Sonnencreme-und-Sonnenspray-fuer-Erwachsene-4868984-0/,1,tranco_deeplink
https://www.test.de/Kryptowaehrungen-kaufen-Krypto-Broker-im-Vergleich-5926645-0/,1,tranco_deeplink
https://www.test.de/thema/kleidung-schuhe/,1,tranco_deeplink
https://domain.whois.co.kr/service/info_parking.php,1,tranco_deeplink
https://domain.whois.co.kr/service/info_forwarding.php,1,tranco_deeplink
https://domain.whois.co.kr/transfer/transfer_whois_index.php,1,tranco_deeplink
https://hotpic.me/guidelines/,1,tranco_deeplink
https://hotpic.me/login/,1,tranco_deeplink
https://hotpic.me/pornpics/,1,tranco_deeplink
https://mts-link.ru/products/webinar/,1,tranco_deeplink
https://mts-link.ru/updates/,1,tranco_deeplink
https://mts-link.ru/about_service/,1,tranco_deeplink
https://www.magnite.com/research/,1,tranco_deeplink
https://www.magnite.com/tag/streaming/,1,tranco_deeplink
https://www.magnite.com/press/,1,tranco_deeplink
https://www.nationalgallery.org.uk/events/tour-leonardos-paragone-18-07-2026,1,tranco_deeplink
https://www.nationalgallery.org.uk/terms-of-use,1,tranco_deeplink
https://www.nationalgallery.org.uk/support-us,1,tranco_deeplink
https://www.etonline.com/media/videos/sIYABbodF5E,1,tranco_deeplink
https://www.etonline.com/media/videos/gFuKTTjCqS0,1,tranco_deeplink
https://www.etonline.com/media/videos/HOn5bjm_mdM,1,tranco_deeplink
https://jci.org/review_series,1,tranco_deeplink
https://jci.org/tags/111,1,tranco_deeplink
https://jci.org/tags/75,1,tranco_deeplink
https://libera.chat/LICENSE-content.txt,1,tranco_deeplink
https://libera.chat/news,1,tranco_deeplink
https://libera.chat/policies,1,tranco_deeplink
https://an1.com/privacy-policy.html,1,tranco_deeplink
https://an1.com/news/apple/,1,tranco_deeplink
https://an1.com/programmy/file-managers/,1,tranco_deeplink
https://www.logbase.io/contact-us,1,tranco_deeplink
https://www.logbase.io/products/shopify-preorder-app-dibs,1,tranco_deeplink
https://www.logbase.io/products/shopify-appointment-booking-app-bookeasy,1,tranco_deeplink
https://www.dailyherald.com/entertainment/theater/,1,tranco_deeplink
https://www.dailyherald.com/archive/20260715/,1,tranco_deeplink
https://www.dailyherald.com/20260629/news/photo-gallery-weekend-fun-included-a-runway-5k-greek-food-and-strawberries/,1,tranco_deeplink
https://www.inps.it/it/it/dati-e-bilanci/bilanci--rendiconti-e-flussi-finanziari/rendiconti-generali/2022.html,1,tranco_deeplink
https://www.inps.it/it/it/amministrazione-trasparente/altri-contenuti/prevenzione-della-corruzione/Whistleblowing.html,1,tranco_deeplink
https://www.inps.it/it/it/l-istituto/organi-istituzionali/consiglio-di-indirizzo-e-vigilanza--civ/atti-di-indirizzo-e-vigilanza.html,1,tranco_deeplink
https://www.ilpost.it/chi-siamo/,1,tranco_deeplink
https://www.ilpost.it/episodes/alcide-pierantozzi-come-zendaya-e-bianca-pitzorno-falegname/,1,tranco_deeplink
https://www.ilpost.it/2026/07/11/avallone-perche-molti-uomini-gay-sono-ossessionati-dalla-propria-bellezza/,1,tranco_deeplink
https://m3.material.io/blog,1,tranco_deeplink
https://m3.material.io/develop,1,tranco_deeplink
https://m3.material.io/styles,1,tranco_deeplink
